{"stats":{"minecraft:mined":{"minecraft:short_grass":1,"minecraft:grass_block":1},"minecraft:custom":{"minecraft:jump":51,"minecraft:time_since_rest":11970,"minecraft:damage_dealt":15,"minecraft:play_time":11970,"minecraft:leave_game":10,"minecraft:sprint_one_cm":6128,"minecraft:damage_taken":30,"minecraft:time_since_death":11970,"minecraft:walk_one_cm":4993,"minecraft:total_world_time":11970,"minecraft:fall_one_cm":1672,"minecraft:fly_one_cm":11683},"minecraft:picked_up":{"minecraft:dirt":1}},"DataVersion":3953}